matrix,type,procs,time,comp,comm,speedup,eff,flops,mem,imb,min,max
377K,opt,1,22.4263,22.4237,0.00234127,1.0000,100.00,0,0,0,0,0
377K,opt,2,11.6981,11.2241,0.473804,1.9171,95.85,0,0,0,0,0
377K,opt,4,6.10182,5.44961,0.652137,3.6753,91.88,0,0,0,0,0
377K,opt,8,4.38038,2.92756,1.45272,5.1197,64.00,0,0,0,0,0
377K,opt,16,2.73253,1.21313,1.51935,8.2072,51.29,0,0,0,0,0
377K,opt,32,2.08272,1.02528,1.05731,10.7678,33.65,0,0,0,0,0
