matrix,type,procs,time,comp,comm,speedup,eff,flops,mem,imb,min,max
504K,opt,1,15.0293,15.0257,0.00322819,1.0000,100.00,0,0,0,0,0
504K,opt,2,10.2633,7.57475,2.68842,1.4644,73.22,0,0,0,0,0
504K,opt,4,4.61124,2.85992,1.75125,3.2593,81.48,0,0,0,0,0
504K,opt,8,3.57454,1.51863,2.05583,4.2045,52.56,0,0,0,0,0
504K,opt,16,3.05878,1.07127,1.98747,4.9135,30.71,0,0,0,0,0
504K,opt,32,2.17799,0.954151,1.22376,6.9005,21.56,0,0,0,0,0
504K,opt,64,1.56723,0.435963,1.13122,9.5897,14.98,0,0,0,0,0
