matrix,type,procs,time,comp,comm,speedup,eff,flops,mem,imb,min,max
10K,opt,1,0.253229,0.252628,0.000548363,1.0000,100.00,0,0,0,0,0
10K,opt,2,0.144205,0.119624,0.024538,1.7560,87.80,0,0,0,0,0
