matrix,type,procs,time,comp,comm,speedup,eff,flops,mem,imb,min,max
217K,opt,1,9.51928,9.51754,0.0015974,1.0000,100.00,0,0,0,0,0
217K,opt,2,4.85998,4.07272,0.787196,1.9587,97.94,0,0,0,0,0
217K,opt,4,2.73379,2.08029,0.65341,3.4821,87.05,0,0,0,0,0
217K,opt,8,1.94239,1.15164,0.790644,4.9008,61.26,0,0,0,0,0
217K,opt,16,1.87251,0.537009,1.3354,5.0837,31.77,0,0,0,0,0
