matrix,type,procs,time,comp,comm,speedup,eff,flops,mem,imb,min,max
40K,opt,1,0.140495,0.140023,0.000424385,1.0000,100.00,0,0,0,0,0
40K,opt,2,0.195193,0.0769138,0.118227,0.7198,35.99,0,0,0,0,0
40K,opt,4,0.0992203,0.0385952,0.0605774,1.4160,35.40,0,0,0,0,0
