matrix,type,procs,time,comp,comm,speedup,eff,flops,mem,imb,min,max
108K,opt,1,9.25535,9.25313,0.00202179,1.0000,100.00,0,0,0,0,0
108K,opt,2,4.30721,4.00795,0.299029,2.1488,107.44,0,0,0,0,0
108K,opt,4,2.2756,1.68567,0.589881,4.0672,101.68,0,0,0,0,0
108K,opt,8,1.57469,1.10689,0.467734,5.8776,73.47,0,0,0,0,0
