matrix,type,procs,time,comp,comm,speedup,eff,flops,mem,imb,min,max
1219K,opt,1,10.3216,10.3182,0.00303745,1.0000,100.00,0,0,0,0,0
1219K,opt,2,11.0151,5.48879,5.5262,0.9370,46.85,0,0,0,0,0
1219K,opt,4,7.42331,3.14728,4.27587,1.3904,34.76,0,0,0,0,0
1219K,opt,8,5.57104,2.44901,3.12194,1.8527,23.16,0,0,0,0,0
1219K,opt,16,3.6736,1.76744,1.90605,2.8097,17.56,0,0,0,0,0
1219K,opt,32,1.99328,0.919704,1.07347,5.1782,16.18,0,0,0,0,0
1219K,opt,64,1.28101,0.334072,0.946846,8.0574,12.59,0,0,0,0,0
1219K,opt,128,229.677,0.151753,229.525,0.0449,0.04,0,0,0,0,0
